{
  "HTTP Request-2" : {
    "transaction" : "HTTP Request-2",
    "sampleCount" : 1000,
    "errorCount" : 522,
    "errorPct" : 52.2,
    "meanResTime" : 4074.1170000000006,
    "minResTime" : 27.0,
    "maxResTime" : 14620.0,
    "pct1ResTime" : 11638.0,
    "pct2ResTime" : 12289.85,
    "pct3ResTime" : 13703.41,
    "throughput" : 12.584314909896305,
    "receivedKBytesPerSec" : 171.7532123430107,
    "sentKBytesPerSec" : 1.5361712536494514
  },
  "HTTP Request-1" : {
    "transaction" : "HTTP Request-1",
    "sampleCount" : 1000,
    "errorCount" : 0,
    "errorPct" : 0.0,
    "meanResTime" : 57.66599999999999,
    "minResTime" : 26.0,
    "maxResTime" : 102.0,
    "pct1ResTime" : 92.0,
    "pct2ResTime" : 93.0,
    "pct3ResTime" : 94.99000000000001,
    "throughput" : 12.712456936552128,
    "receivedKBytesPerSec" : 5.462383839924742,
    "sentKBytesPerSec" : 1.6014716257961177
  },
  "Total" : {
    "transaction" : "Total",
    "sampleCount" : 4000,
    "errorCount" : 1044,
    "errorPct" : 26.1,
    "meanResTime" : 2086.8114999999993,
    "minResTime" : 26.0,
    "maxResTime" : 14768.0,
    "pct1ResTime" : 10446.8,
    "pct2ResTime" : 11655.9,
    "pct3ResTime" : 13143.949999999999,
    "throughput" : 50.23863350916855,
    "receivedKBytesPerSec" : 362.94846811416727,
    "sentKBytesPerSec" : 9.395213200200955
  },
  "HTTP Request-0" : {
    "transaction" : "HTTP Request-0",
    "sampleCount" : 1000,
    "errorCount" : 0,
    "errorPct" : 0.0,
    "meanResTime" : 41.76299999999996,
    "minResTime" : 26.0,
    "maxResTime" : 65.0,
    "pct1ResTime" : 58.0,
    "pct2ResTime" : 58.0,
    "pct3ResTime" : 60.0,
    "throughput" : 12.71585158058035,
    "receivedKBytesPerSec" : 4.71877304748099,
    "sentKBytesPerSec" : 1.6018992713817046
  },
  "HTTP Request" : {
    "transaction" : "HTTP Request",
    "sampleCount" : 1000,
    "errorCount" : 522,
    "errorPct" : 52.2,
    "meanResTime" : 4173.699999999996,
    "minResTime" : 81.0,
    "maxResTime" : 14768.0,
    "pct1ResTime" : 11785.8,
    "pct2ResTime" : 12429.599999999999,
    "pct3ResTime" : 13789.93,
    "throughput" : 12.559658377292138,
    "receivedKBytesPerSec" : 181.47423405708363,
    "sentKBytesPerSec" : 4.697606600100477
  }
}